IMEI,Phone Number,Modified Date,Blocked
351777091776920,882360008671096,1/29/2021 12:33:29 AM,False
351777091776920,882360008671096,2/28/2021 21:31,TRUE
351777091776920,882360008671096,3/28/2021 21:32,FALSE
351777091778322,882360008671099,1/29/2021 12:33:29 AM,False
351777091778322,882360008671099,2/28/2021 21:31,FALSE
351777091778322,882360008671099,3/28/2021 21:32,TRUE
351777091780104,882360008671098,1/29/2021 12:33:29 AM,False
351777091780104,882360008671098,2/28/2021 21:31,FALSE
351777091780104,882360008671098,3/28/2021 21:32,FALSE
351777091780138,882360008671097,1/29/2021 12:33:29 AM,False
351777091780138,882360008671097,2/28/2021 21:31,TRUE
351777091780138,882360008671097,3/28/2021 21:32,FALSE
351777093748042,882360011348021,1/29/2021 12:33:29 AM,False
351777093748042,882360011348021,2/28/2021 21:31,FALSE
351777093748042,882360011348021,3/28/2021 21:32,FALSE
352503090496818,882360008671082,1/29/2021 12:33:29 AM,False
352503090496818,882360008671082,2/28/2021 21:31,FALSE
352503090496818,882360008671082,3/28/2021 21:32,FALSE
353549090412478,882360011348023,1/29/2021 12:33:29 AM,True
353549090412478,882360011348023,2/28/2021 21:31,TRUE
353549090412478,882360011348023,3/28/2021 21:32,TRUE
353549090418210,882360011120522,1/29/2021 12:33:29 AM,False
353549090418210,882360011120522,2/28/2021 21:31,FALSE
353549090418210,882360011120522,3/28/2021 21:32,FALSE
353549091185628,882360011409513,1/29/2021 12:33:29 AM,False
353549091185628,882360011409513,2/28/2021 21:31,FALSE
353549091185628,882360011409513,3/28/2021 21:32,FALSE
353549091185651,882360011409514,1/29/2021 12:33:29 AM,False
353549091185651,882360011409514,2/28/2021 21:31,FALSE
353549091185651,882360011409514,3/28/2021 21:32,FALSE
353549091187574,882360011426959,1/29/2021 12:33:29 AM,True
353549091187574,882360011426959,2/28/2021 21:31,TRUE
353549091187574,882360011426959,3/28/2021 21:32,TRUE
353549091193234,882360011348046,1/29/2021 12:33:29 AM,False
353549091193234,882360011348046,2/28/2021 21:31,FALSE
353549091193234,882360011348046,3/28/2021 21:32,FALSE
353549091463900,882360012771562,1/29/2021 12:33:29 AM,False
353549091463900,882360012771562,2/28/2021 21:31,FALSE
353549091463900,882360012771562,3/28/2021 21:32,TRUE
353549091694330,882360012775725,1/29/2021 12:33:29 AM,False
353549091694330,882360012775725,2/28/2021 21:31,FALSE
353549091694330,882360012775725,3/28/2021 21:32,FALSE
353549091694355,882360012774888,1/29/2021 12:33:29 AM,True
353549091694355,882360012774888,2/28/2021 21:31,TRUE
353549091694355,882360012774888,3/28/2021 21:32,TRUE
353549091694405,882360012774859,1/29/2021 12:33:29 AM,False
353549091694405,882360012774859,2/28/2021 21:31,FALSE
353549091694405,882360012774859,3/28/2021 21:32,FALSE
353549091694454,882360012774895,1/29/2021 12:33:29 AM,False
353549091694454,882360012774895,2/28/2021 21:31,FALSE
353549091694454,882360012774895,3/28/2021 21:32,FALSE
353549091694462,882360012775666,1/29/2021 12:33:29 AM,False
353549091694462,882360012775666,2/28/2021 21:31,TRUE
353549091694462,882360012775666,3/28/2021 21:32,FALSE
353549091694850,882360012775527,1/29/2021 12:33:29 AM,False
353549091694850,882360012775527,2/28/2021 21:31,FALSE
353549091694850,882360012775527,3/28/2021 21:32,FALSE
353549091695667,882360012771508,1/29/2021 12:33:29 AM,True
353549091695667,882360012771508,2/28/2021 21:31,TRUE
353549091695667,882360012771508,3/28/2021 21:32,TRUE
353549091697267,882360012775607,1/29/2021 12:33:29 AM,False
353549091697267,882360012775607,2/28/2021 21:31,FALSE
353549091697267,882360012775607,3/28/2021 21:32,FALSE
353549091697317,882360012775726,1/29/2021 12:33:29 AM,True
353549091697317,882360012775726,2/28/2021 21:31,TRUE
353549091697317,882360012775726,3/28/2021 21:32,TRUE
353549091697333,882360012774884,1/29/2021 12:33:29 AM,True
353549091697333,882360012774884,2/28/2021 21:31,TRUE
353549091697333,882360012774884,3/28/2021 21:32,TRUE
353549091697481,882360012774893,1/29/2021 12:33:29 AM,True
353549091697481,882360012774893,2/28/2021 21:31,TRUE
353549091697481,882360012774893,3/28/2021 21:32,TRUE
353549091697523,882360012774786,1/29/2021 12:33:29 AM,True
353549091697523,882360012774786,2/28/2021 21:31,TRUE
353549091697523,882360012774786,3/28/2021 21:32,TRUE
353549091699727,882360012775665,1/29/2021 12:33:29 AM,False
353549091699727,882360012775665,2/28/2021 21:31,FALSE
353549091699727,882360012775665,3/28/2021 21:32,FALSE
353549091699735,882360012774894,1/29/2021 12:33:29 AM,True
353549091699735,882360012774894,2/28/2021 21:31,TRUE
353549091699735,882360012774894,3/28/2021 21:32,TRUE
353549091700418,882360012774891,1/29/2021 12:33:29 AM,False
353549091700418,882360012774891,2/28/2021 21:31,FALSE
353549091700418,882360012774891,3/28/2021 21:32,FALSE
353701092170477,882360012774784,1/29/2021 12:33:29 AM,False
353701092170477,882360012774784,2/28/2021 21:31,FALSE
353701092170477,882360012774784,3/28/2021 21:32,FALSE
353701092170931,882360011336233,1/29/2021 12:33:29 AM,False
353701092170931,882360011336233,2/28/2021 21:31,FALSE
353701092170931,882360011336233,3/28/2021 21:32,FALSE
353701092172499,882360012775674,1/29/2021 12:33:29 AM,False
353701092172499,882360012775674,2/28/2021 21:31,FALSE
353701092172499,882360012775674,3/28/2021 21:32,FALSE
353701092172697,882360011348042,1/29/2021 12:33:29 AM,True
353701092172697,882360011348042,2/28/2021 21:31,TRUE
353701092172697,882360011348042,3/28/2021 21:32,TRUE
353701092172713,882360012771505,1/29/2021 12:33:29 AM,True
353701092172713,882360012771505,2/28/2021 21:31,FALSE
353701092172713,882360012771505,3/28/2021 21:32,TRUE
353701092176771,882360012774785,1/29/2021 12:33:29 AM,False
353701092176771,882360012774785,2/28/2021 21:31,FALSE
353701092176771,882360012774785,3/28/2021 21:32,FALSE
353701092176797,882360012775744,1/29/2021 12:33:29 AM,False
353701092176797,882360012775744,2/28/2021 21:31,FALSE
353701092176797,882360012775744,3/28/2021 21:32,FALSE
353701092176805,882360012775501,1/29/2021 12:33:29 AM,True
353701092176805,882360012775501,2/28/2021 21:31,TRUE
353701092176805,882360012775501,3/28/2021 21:32,TRUE
353701092176862,882360012775673,1/29/2021 12:33:29 AM,True
353701092176862,882360012775673,2/28/2021 21:31,TRUE
353701092176862,882360012775673,3/28/2021 21:32,TRUE
353701092177241,882360012775519,1/29/2021 12:33:29 AM,False
353701092177241,882360012775519,2/28/2021 21:31,FALSE
353701092177241,882360012775519,3/28/2021 21:32,FALSE
353701092177589,882360011422271,1/29/2021 12:33:29 AM,False
353701092177589,882360011422271,2/28/2021 21:31,FALSE
353701092177589,882360011422271,3/28/2021 21:32,FALSE
353701092177647,882360012289543,1/29/2021 12:33:29 AM,True
353701092177647,882360012289543,2/28/2021 21:31,TRUE
353701092177647,882360012289543,3/28/2021 21:32,TRUE
353701092177779,882360012775718,1/29/2021 12:33:29 AM,True
353701092177779,882360012775718,2/28/2021 21:31,TRUE
353701092177779,882360012775718,3/28/2021 21:32,TRUE
354017110107659,882360012289562,1/29/2021 12:33:29 AM,False
354017110107659,882360012289562,2/28/2021 21:31,FALSE
354017110107659,882360012289562,3/28/2021 21:32,FALSE
354017110107766,882360012289513,1/29/2021 12:33:29 AM,True
354017110107766,882360012289513,2/28/2021 21:31,TRUE
354017110107766,882360012289513,3/28/2021 21:32,TRUE
354017110107808,882360012289514,1/29/2021 12:33:29 AM,False
354017110107808,882360012289514,2/28/2021 21:31,FALSE
354017110107808,882360012289514,3/28/2021 21:32,FALSE
354017110107816,882360011426956,1/29/2021 12:33:29 AM,False
354017110107816,882360011426956,2/28/2021 21:31,FALSE
354017110107816,882360011426956,3/28/2021 21:32,FALSE
354017110145261,882360012774821,1/29/2021 12:33:29 AM,True
354017110145261,882360012774821,2/28/2021 21:31,TRUE
354017110145261,882360012774821,3/28/2021 21:32,TRUE
354017110146293,882360012774913,1/29/2021 12:33:29 AM,False
354017110146293,882360012774913,2/28/2021 21:31,FALSE
354017110146293,882360012774913,3/28/2021 21:32,FALSE
354017110146525,882360012774900,1/29/2021 12:33:29 AM,False
354017110146525,882360012774900,2/28/2021 21:31,FALSE
354017110146525,882360012774900,3/28/2021 21:32,FALSE
354017110148828,882360012774903,1/29/2021 12:33:29 AM,False
354017110148828,882360012774903,2/28/2021 21:31,FALSE
354017110148828,882360012774903,3/28/2021 21:32,FALSE
354017110149313,882360011336250,1/29/2021 12:33:29 AM,True
354017110149313,882360011336250,2/28/2021 21:31,TRUE
354017110149313,882360011336250,3/28/2021 21:32,TRUE
354017110149321,882360011336219,1/29/2021 12:33:29 AM,True
354017110149321,882360011336219,2/28/2021 21:31,TRUE
354017110149321,882360011336219,3/28/2021 21:32,TRUE
354017110149396,882360011336220,1/29/2021 12:33:29 AM,True
354017110149396,882360011336220,2/28/2021 21:31,TRUE
354017110149396,882360011336220,3/28/2021 21:32,TRUE
354017110149495,882360011336223,1/29/2021 12:33:29 AM,True
354017110149495,882360011336223,2/28/2021 21:31,TRUE
354017110149495,882360011336223,3/28/2021 21:32,TRUE
354017110149578,882360011336222,1/29/2021 12:33:29 AM,True
354017110149578,882360011336222,2/28/2021 21:31,TRUE
354017110149578,882360011336222,3/28/2021 21:32,TRUE
354017110149685,882360012774923,1/29/2021 12:33:29 AM,False
354017110149685,882360012774923,2/28/2021 21:31,FALSE
354017110149685,882360012774923,3/28/2021 21:32,FALSE
354017110149727,882360011336212,1/29/2021 12:33:29 AM,False
354017110149727,882360011336212,2/28/2021 21:31,FALSE
354017110149727,882360011336212,3/28/2021 21:32,FALSE
354017110150105,882360011426967,1/29/2021 12:33:29 AM,True
354017110150105,882360011426967,2/28/2021 21:31,TRUE
354017110150105,882360011426967,3/28/2021 21:32,TRUE
354017110150154,882360012771503,1/29/2021 12:33:29 AM,False
354017110150154,882360012771503,2/28/2021 21:31,FALSE
354017110150154,882360012771503,3/28/2021 21:32,FALSE
354017110186885,882360012774892,1/29/2021 12:33:29 AM,False
354017110186885,882360012774892,2/28/2021 21:31,FALSE
354017110186885,882360012774892,3/28/2021 21:32,FALSE
354017110186927,882360012774879,1/29/2021 12:33:29 AM,False
354017110186927,882360012774879,2/28/2021 21:31,FALSE
354017110186927,882360012774879,3/28/2021 21:32,FALSE
354017110186976,882360012774950,1/29/2021 12:33:29 AM,False
354017110186976,882360012774950,2/28/2021 21:31,FALSE
354017110186976,882360012774950,3/28/2021 21:32,FALSE
354017110187008,882360012774883,1/29/2021 12:33:29 AM,False
354017110187008,882360012774883,2/28/2021 21:31,FALSE
354017110187008,882360012774883,3/28/2021 21:32,FALSE
354017110187073,882360012774878,1/29/2021 12:33:29 AM,True
354017110187073,882360012774878,2/28/2021 21:31,TRUE
354017110187073,882360012774878,3/28/2021 21:32,TRUE
354017110187081,882360012774881,1/29/2021 12:33:29 AM,False
354017110187081,882360012774881,2/28/2021 21:31,FALSE
354017110187081,882360012774881,3/28/2021 21:32,FALSE
354017110187198,882360012774882,1/29/2021 12:33:29 AM,True
354017110187198,882360012774882,2/28/2021 21:31,FALSE
354017110187198,882360012774882,3/28/2021 21:32,TRUE
354017110197858,882360012774877,1/29/2021 12:33:29 AM,False
354017110197858,882360012774877,2/28/2021 21:31,FALSE
354017110197858,882360012774877,3/28/2021 21:32,FALSE
354017110323579,882360012774905,1/29/2021 12:33:29 AM,False
354017110323579,882360012774905,2/28/2021 21:31,FALSE
354017110323579,882360012774905,3/28/2021 21:32,FALSE
354017110324023,882360012775526,1/29/2021 12:33:29 AM,False
354017110324023,882360012775526,2/28/2021 21:31,FALSE
354017110324023,882360012775526,3/28/2021 21:32,FALSE
354017110324049,882360012775507,1/29/2021 12:33:29 AM,True
354017110324049,882360012775507,2/28/2021 21:31,TRUE
354017110324049,882360012775507,3/28/2021 21:32,TRUE
354017110351091,882360012774924,1/29/2021 12:33:29 AM,False
354017110351091,882360012774924,2/28/2021 21:31,FALSE
354017110351091,882360012774924,3/28/2021 21:32,FALSE
354017110351141,882360012771556,1/29/2021 12:33:29 AM,True
354017110351141,882360012771556,2/28/2021 21:31,TRUE
354017110351141,882360012771556,3/28/2021 21:32,TRUE
354017110351240,882360012774920,1/29/2021 12:33:29 AM,False
354017110351240,882360012774920,2/28/2021 21:31,FALSE
354017110351240,882360012774920,3/28/2021 21:32,FALSE
354017110351257,882360012774927,1/29/2021 12:33:29 AM,False
354017110351257,882360012774927,2/28/2021 21:31,FALSE
354017110351257,882360012774927,3/28/2021 21:32,FALSE
354017110351265,882360012289555,1/29/2021 12:33:29 AM,False
354017110351265,882360012289555,2/28/2021 21:31,FALSE
354017110351265,882360012289555,3/28/2021 21:32,FALSE
354017110351273,882360012774921,1/29/2021 12:33:29 AM,False
354017110351273,882360012774921,2/28/2021 21:31,FALSE
354017110351273,882360012774921,3/28/2021 21:32,FALSE
354017110351331,882360012774919,1/29/2021 12:33:29 AM,False
354017110351331,882360012774919,2/28/2021 21:31,FALSE
354017110351331,882360012774919,3/28/2021 21:32,FALSE
354017110352776,882360012289512,1/29/2021 12:33:29 AM,True
354017110352776,882360012289512,2/28/2021 21:31,TRUE
354017110352776,882360012289512,3/28/2021 21:32,TRUE
354017110364169,882360012774911,1/29/2021 12:33:29 AM,False
354017110364169,882360012774911,2/28/2021 21:31,FALSE
354017110364169,882360012774911,3/28/2021 21:32,FALSE
354017110368640,882360011336251,1/29/2021 12:33:29 AM,True
354017110368640,882360011336251,2/28/2021 21:31,TRUE
354017110368640,882360011336251,3/28/2021 21:32,TRUE
354017110368673,882360011336214,1/29/2021 12:33:29 AM,True
354017110368673,882360011336214,2/28/2021 21:31,TRUE
354017110368673,882360011336214,3/28/2021 21:32,TRUE
354017110368780,882360012775522,1/29/2021 12:33:29 AM,True
354017110368780,882360012775522,2/28/2021 21:31,TRUE
354017110368780,882360012775522,3/28/2021 21:32,TRUE
354017110371479,882360012774862,1/29/2021 12:33:29 AM,True
354017110371479,882360012774862,2/28/2021 21:31,FALSE
354017110371479,882360012774862,3/28/2021 21:32,TRUE
354017110373228,882360012774871,1/29/2021 12:33:29 AM,True
354017110373228,882360012774871,2/28/2021 21:31,TRUE
354017110373228,882360012774871,3/28/2021 21:32,TRUE
354017110374135,882360012771502,1/29/2021 12:33:29 AM,True
354017110374135,882360012771502,2/28/2021 21:31,TRUE
354017110374135,882360012771502,3/28/2021 21:32,TRUE
354017110374739,882360012774833,1/29/2021 12:33:29 AM,False
354017110374739,882360012774833,2/28/2021 21:31,FALSE
354017110374739,882360012774833,3/28/2021 21:32,FALSE
354017110380504,882360012775525,1/29/2021 12:33:29 AM,False
354017110380504,882360012775525,2/28/2021 21:31,FALSE
354017110380504,882360012775525,3/28/2021 21:32,FALSE
354017110380520,882360012775523,1/29/2021 12:33:29 AM,False
354017110380520,882360012775523,2/28/2021 21:31,FALSE
354017110380520,882360012775523,3/28/2021 21:32,FALSE
354017110380595,882360012775508,1/29/2021 12:33:29 AM,False
354017110380595,882360012775508,2/28/2021 21:31,FALSE
354017110380595,882360012775508,3/28/2021 21:32,FALSE
354017110380678,882360012775524,1/29/2021 12:33:29 AM,True
354017110380678,882360012775524,2/28/2021 21:31,TRUE
354017110380678,882360012775524,3/28/2021 21:32,TRUE
354017110380785,882360011336213,1/29/2021 12:33:29 AM,True
354017110380785,882360011336213,2/28/2021 21:31,TRUE
354017110380785,882360011336213,3/28/2021 21:32,TRUE
354017110389455,882360012774874,1/29/2021 12:33:29 AM,False
354017110389455,882360012774874,2/28/2021 21:31,FALSE
354017110389455,882360012774874,3/28/2021 21:32,FALSE
354017110389463,882360012774864,1/29/2021 12:33:29 AM,False
354017110389463,882360012774864,2/28/2021 21:31,FALSE
354017110389463,882360012774864,3/28/2021 21:32,FALSE
354017110389539,882360012774873,1/29/2021 12:33:29 AM,True
354017110389539,882360012774873,2/28/2021 21:31,TRUE
354017110389539,882360012774873,3/28/2021 21:32,TRUE
354017110417348,882360012774922,1/29/2021 12:33:29 AM,False
354017110417348,882360012774922,2/28/2021 21:31,FALSE
354017110417348,882360012774922,3/28/2021 21:32,FALSE
354017110419591,882360012287216,1/29/2021 12:33:29 AM,True
354017110419591,882360012287216,2/28/2021 21:31,TRUE
354017110419591,882360012287216,3/28/2021 21:32,TRUE
354017110419617,882360011426965,1/29/2021 12:33:29 AM,True
354017110419617,882360011426965,2/28/2021 21:31,TRUE
354017110419617,882360011426965,3/28/2021 21:32,TRUE
354017110419682,882360011426968,1/29/2021 12:33:29 AM,True
354017110419682,882360011426968,2/28/2021 21:31,TRUE
354017110419682,882360011426968,3/28/2021 21:32,TRUE
354017110427263,882360012774925,1/29/2021 12:33:29 AM,False
354017110427263,882360012774925,2/28/2021 21:31,FALSE
354017110427263,882360012774925,3/28/2021 21:32,FALSE
354017110427420,882360012774916,1/29/2021 12:33:29 AM,False
354017110427420,882360012774916,2/28/2021 21:31,FALSE
354017110427420,882360012774916,3/28/2021 21:32,FALSE
354017110429780,882360011422289,1/29/2021 12:33:29 AM,True
354017110429780,882360011422289,2/28/2021 21:31,TRUE
354017110429780,882360011422289,3/28/2021 21:32,TRUE
354017110447527,882360012287202,1/29/2021 12:33:29 AM,True
354017110447527,882360012287202,2/28/2021 21:31,TRUE
354017110447527,882360012287202,3/28/2021 21:32,TRUE
354017110450620,882360011422288,1/29/2021 12:33:29 AM,True
354017110450620,882360011422288,2/28/2021 21:31,TRUE
354017110450620,882360011422288,3/28/2021 21:32,TRUE
354017110450703,882360011422287,1/29/2021 12:33:29 AM,True
354017110450703,882360011422287,2/28/2021 21:31,TRUE
354017110450703,882360011422287,3/28/2021 21:32,TRUE
354017110452097,882360011426954,1/29/2021 12:33:29 AM,True
354017110452097,882360011426954,2/28/2021 21:31,TRUE
354017110452097,882360011426954,3/28/2021 21:32,TRUE
354017110936495,882360012287175,1/29/2021 12:33:29 AM,False
354017110936495,882360012287175,2/28/2021 21:31,FALSE
354017110936495,882360012287175,3/28/2021 21:32,FALSE
354017110936560,882360011426983,1/29/2021 12:33:29 AM,True
354017110936560,882360011426983,2/28/2021 21:31,TRUE
354017110936560,882360011426983,3/28/2021 21:32,TRUE
354017110936669,882360011336217,1/29/2021 12:33:29 AM,True
354017110936669,882360011336217,2/28/2021 21:31,TRUE
354017110936669,882360011336217,3/28/2021 21:32,TRUE
354017115812071,882360012775584,1/29/2021 12:33:29 AM,True
354017115812071,882360012775584,2/28/2021 21:31,TRUE
354017115812071,882360012775584,3/28/2021 21:32,TRUE
354017115813269,882360012775582,1/29/2021 12:33:29 AM,True
354017115813269,882360012775582,2/28/2021 21:31,TRUE
354017115813269,882360012775582,3/28/2021 21:32,TRUE
354017116226743,882360012775585,1/29/2021 12:33:29 AM,False
354017116226743,882360012775585,2/28/2021 21:31,FALSE
354017116226743,882360012775585,3/28/2021 21:32,FALSE
354017116232741,882360012775614,1/29/2021 12:33:29 AM,True
354017116232741,882360012775614,2/28/2021 21:31,TRUE
354017116232741,882360012775614,3/28/2021 21:32,TRUE
354017116232790,882360012775616,1/29/2021 12:33:29 AM,False
354017116232790,882360012775616,2/28/2021 21:31,FALSE
354017116232790,882360012775616,3/28/2021 21:32,FALSE
354017116510799,882360012775591,1/29/2021 12:33:29 AM,False
354017116510799,882360012775591,2/28/2021 21:31,FALSE
354017116510799,882360012775591,3/28/2021 21:32,FALSE
354017116511052,882360012775589,1/29/2021 12:33:29 AM,False
354017116511052,882360012775589,2/28/2021 21:31,FALSE
354017116511052,882360012775589,3/28/2021 21:32,FALSE
358735073843780,882360007769251,1/29/2021 12:33:29 AM,False
358735073843780,882360007769251,2/28/2021 21:31,FALSE
358735073843780,882360007769251,3/28/2021 21:32,FALSE
358735073859869,882360006335259,1/29/2021 12:33:29 AM,True
358735073859869,882360006335259,2/28/2021 21:31,TRUE
358735073859869,882360006335259,3/28/2021 21:32,TRUE
358735073859885,882360008671095,1/29/2021 12:33:29 AM,False
358735073859885,882360008671095,2/28/2021 21:31,FALSE
358735073859885,882360008671095,3/28/2021 21:32,FALSE
358735073860180,882360008671080,1/29/2021 12:33:29 AM,False
358735073860180,882360008671080,2/28/2021 21:31,FALSE
358735073860180,882360008671080,3/28/2021 21:32,FALSE
359632102165690,882360012289531,1/29/2021 12:33:29 AM,True
359632102165690,882360012289531,2/28/2021 21:31,TRUE
359632102165690,882360012289531,3/28/2021 21:32,TRUE
359632103698863,882360012771557,1/29/2021 12:33:29 AM,True
359632103698863,882360012771557,2/28/2021 21:31,TRUE
359632103698863,882360012771557,3/28/2021 21:32,TRUE
359632103701501,882360012289534,1/29/2021 12:33:29 AM,False
359632103701501,882360012289534,2/28/2021 21:31,FALSE
359632103701501,882360012289534,3/28/2021 21:32,FALSE
359632103716152,882360011422290,1/29/2021 12:33:29 AM,True
359632103716152,882360011422290,2/28/2021 21:31,TRUE
359632103716152,882360011422290,3/28/2021 21:32,TRUE
359632103744873,882360011422266,1/29/2021 12:33:29 AM,True
359632103744873,882360011422266,2/28/2021 21:31,TRUE
359632103744873,882360011422266,3/28/2021 21:32,TRUE
359632103748502,882360011422270,1/29/2021 12:33:29 AM,False
359632103748502,882360011422270,2/28/2021 21:31,FALSE
359632103748502,882360011422270,3/28/2021 21:32,FALSE
359632103766710,882360011422291,1/29/2021 12:33:29 AM,True
359632103766710,882360011422291,2/28/2021 21:31,TRUE
359632103766710,882360011422291,3/28/2021 21:32,TRUE
359632108465045,882360011336246,1/29/2021 12:33:29 AM,False
359632108465045,882360011336246,2/28/2021 21:31,FALSE
359632108465045,882360011336246,3/28/2021 21:32,FALSE
359633104181461,882360012775577,1/29/2021 12:33:29 AM,False
359633104181461,882360012775577,2/28/2021 21:31,FALSE
359633104181461,882360012775577,3/28/2021 21:32,FALSE
359633104191916,882360012775579,1/29/2021 12:33:29 AM,False
359633104191916,882360012775579,2/28/2021 21:31,FALSE
359633104191916,882360012775579,3/28/2021 21:32,FALSE
359633104205328,882360012775586,1/29/2021 12:33:29 AM,False
359633104205328,882360012775586,2/28/2021 21:31,FALSE
359633104205328,882360012775586,3/28/2021 21:32,FALSE
359633104216531,882360012775618,1/29/2021 12:33:29 AM,False
359633104216531,882360012775618,2/28/2021 21:31,FALSE
359633104216531,882360012775618,3/28/2021 21:32,FALSE
359633104239418,882360012775610,1/29/2021 12:33:29 AM,False
359633104239418,882360012775610,2/28/2021 21:31,FALSE
359633104239418,882360012775610,3/28/2021 21:32,FALSE
359633104245357,882360012775613,1/29/2021 12:33:29 AM,False
359633104245357,882360012775613,2/28/2021 21:31,FALSE
359633104245357,882360012775613,3/28/2021 21:32,FALSE
359633104250480,882360012775575,1/29/2021 12:33:29 AM,True
359633104250480,882360012775575,2/28/2021 21:31,TRUE
359633104250480,882360012775575,3/28/2021 21:32,TRUE
359633104257790,882360012775576,1/29/2021 12:33:29 AM,True
359633104257790,882360012775576,2/28/2021 21:31,TRUE
359633104257790,882360012775576,3/28/2021 21:32,TRUE
359633104270611,882360012775596,1/29/2021 12:33:29 AM,False
359633104270611,882360012775596,2/28/2021 21:31,FALSE
359633104270611,882360012775596,3/28/2021 21:32,FALSE
359633104286435,882360012775615,1/29/2021 12:33:29 AM,False
359633104286435,882360012775615,2/28/2021 21:31,FALSE
359633104286435,882360012775615,3/28/2021 21:32,FALSE
359633104984732,882360012774867,1/29/2021 12:33:29 AM,False
359633104984732,882360012774867,2/28/2021 21:31,FALSE
359633104984732,882360012774867,3/28/2021 21:32,FALSE
359633105501741,882360012771477,1/29/2021 12:33:29 AM,False
359633105501741,882360012771477,2/28/2021 21:31,FALSE
359633105501741,882360012771477,3/28/2021 21:32,FALSE
359633105560143,882360012771479,1/29/2021 12:33:29 AM,True
359633105560143,882360012771479,2/28/2021 21:31,TRUE
359633105560143,882360012771479,3/28/2021 21:32,TRUE
359633106500486,882360012774870,1/29/2021 12:33:29 AM,True
359633106500486,882360012774870,2/28/2021 21:31,TRUE
359633106500486,882360012774870,3/28/2021 21:32,TRUE
359633106817971,882360012771506,1/29/2021 12:33:29 AM,True
359633106817971,882360012771506,2/28/2021 21:31,TRUE
359633106817971,882360012771506,3/28/2021 21:32,TRUE
359633106818284,882360012771533,1/29/2021 12:33:29 AM,True
359633106818284,882360012771533,2/28/2021 21:31,TRUE
359633106818284,882360012771533,3/28/2021 21:32,TRUE
359633106911741,882360012771493,1/29/2021 12:33:29 AM,False
359633106911741,882360012771493,2/28/2021 21:31,FALSE
359633106911741,882360012771493,3/28/2021 21:32,FALSE
359633106918324,882360012774863,1/29/2021 12:33:29 AM,False
359633106918324,882360012774863,2/28/2021 21:31,FALSE
359633106918324,882360012774863,3/28/2021 21:32,FALSE
359633106959526,882360012771497,1/29/2021 12:33:29 AM,True
359633106959526,882360012771497,2/28/2021 21:31,TRUE
359633106959526,882360012771497,3/28/2021 21:32,TRUE
359633106959567,882360012771544,1/29/2021 12:33:29 AM,True
359633106959567,882360012771544,2/28/2021 21:31,TRUE
359633106959567,882360012771544,3/28/2021 21:32,TRUE
359633106959633,882360012771550,1/29/2021 12:33:29 AM,True
359633106959633,882360012771550,2/28/2021 21:31,TRUE
359633106959633,882360012771550,3/28/2021 21:32,TRUE
359633106959740,500306206200716,1/29/2021 12:33:29 AM,True
359633106959740,500306206200716,2/28/2021 21:31,TRUE
359633106959740,500306206200716,3/28/2021 21:32,TRUE
359633107553344,882360012771558,1/29/2021 12:33:29 AM,True
359633107553344,882360012771558,2/28/2021 21:31,TRUE
359633107553344,882360012771558,3/28/2021 21:32,TRUE
359633107553351,882360012771478,1/29/2021 12:33:29 AM,False
359633107553351,882360012771478,2/28/2021 21:31,FALSE
359633107553351,882360012771478,3/28/2021 21:32,FALSE
359633107553492,882360012771555,1/29/2021 12:33:29 AM,False
359633107553492,882360012771555,2/28/2021 21:31,FALSE
359633107553492,882360012771555,3/28/2021 21:32,FALSE
359633107556941,882360012289533,1/29/2021 12:33:29 AM,True
359633107556941,882360012289533,2/28/2021 21:31,TRUE
359633107556941,882360012289533,3/28/2021 21:32,TRUE
359633107557006,882360012289532,1/29/2021 12:33:29 AM,False
359633107557006,882360012289532,2/28/2021 21:31,FALSE
359633107557006,882360012289532,3/28/2021 21:32,FALSE
359633107557097,882360012289530,1/29/2021 12:33:29 AM,False
359633107557097,882360012289530,2/28/2021 21:31,FALSE
359633107557097,882360012289530,3/28/2021 21:32,FALSE
359633107731460,882360012771551,1/29/2021 12:33:29 AM,True
359633107731460,882360012771551,2/28/2021 21:31,TRUE
359633107731460,882360012771551,3/28/2021 21:32,TRUE
359633107765500,882360012775739,1/29/2021 12:33:29 AM,False
359633107765500,882360012775739,2/28/2021 21:31,FALSE
359633107765500,882360012775739,3/28/2021 21:32,FALSE
359633107784154,882360012774830,1/29/2021 12:33:29 AM,True
359633107784154,882360012774830,2/28/2021 21:31,TRUE
359633107784154,882360012774830,3/28/2021 21:32,TRUE
359633107791969,882360012774949,1/29/2021 12:33:29 AM,True
359633107791969,882360012774949,2/28/2021 21:31,TRUE
359633107791969,882360012774949,3/28/2021 21:32,TRUE
359633107798006,882360012774896,1/29/2021 12:33:29 AM,False
359633107798006,882360012774896,2/28/2021 21:31,FALSE
359633107798006,882360012774896,3/28/2021 21:32,FALSE
359633108388740,882360012775742,1/29/2021 12:33:29 AM,False
359633108388740,882360012775742,2/28/2021 21:31,FALSE
359633108388740,882360012775742,3/28/2021 21:32,FALSE
359633108422051,882360012775738,1/29/2021 12:33:29 AM,True
359633108422051,882360012775738,2/28/2021 21:31,TRUE
359633108422051,882360012775738,3/28/2021 21:32,TRUE
359633108427456,882360012775689,1/29/2021 12:33:29 AM,True
359633108427456,882360012775689,2/28/2021 21:31,TRUE
359633108427456,882360012775689,3/28/2021 21:32,TRUE
359633108595617,882360012775716,1/29/2021 12:33:29 AM,False
359633108595617,882360012775716,2/28/2021 21:31,FALSE
359633108595617,882360012775716,3/28/2021 21:32,FALSE
359633108607685,882360012775679,1/29/2021 12:33:29 AM,True
359633108607685,882360012775679,2/28/2021 21:31,TRUE
359633108607685,882360012775679,3/28/2021 21:32,TRUE
359633108704524,882360012775682,1/29/2021 12:33:29 AM,False
359633108704524,882360012775682,2/28/2021 21:31,FALSE
359633108704524,882360012775682,3/28/2021 21:32,FALSE
359633108713699,882360012775750,1/29/2021 12:33:29 AM,False
359633108713699,882360012775750,2/28/2021 21:31,FALSE
359633108713699,882360012775750,3/28/2021 21:32,FALSE
359633108717138,882360012775743,1/29/2021 12:33:29 AM,False
359633108717138,882360012775743,2/28/2021 21:31,FALSE
359633108717138,882360012775743,3/28/2021 21:32,FALSE
359633109176532,882360012289551,1/29/2021 12:33:29 AM,False
359633109176532,882360012289551,2/28/2021 21:31,FALSE
359633109176532,882360012289551,3/28/2021 21:32,FALSE
359633109176698,882360012289529,1/29/2021 12:33:29 AM,True
359633109176698,882360012289529,2/28/2021 21:31,TRUE
359633109176698,882360012289529,3/28/2021 21:32,TRUE
359633109185293,882360011336242,1/29/2021 12:33:29 AM,False
359633109185293,882360011336242,2/28/2021 21:31,FALSE
359633109185293,882360011336242,3/28/2021 21:32,FALSE
359633109187687,882360012289522,1/29/2021 12:33:29 AM,True
359633109187687,882360012289522,2/28/2021 21:31,TRUE
359633109187687,882360012289522,3/28/2021 21:32,TRUE
359633109187695,882360011336227,1/29/2021 12:33:29 AM,False
359633109187695,882360011336227,2/28/2021 21:31,FALSE
359633109187695,882360011336227,3/28/2021 21:32,FALSE
359633109187737,882360012287220,1/29/2021 12:33:29 AM,False
359633109187737,882360012287220,2/28/2021 21:31,FALSE
359633109187737,882360012287220,3/28/2021 21:32,FALSE
359633109187778,882360012289527,1/29/2021 12:33:29 AM,False
359633109187778,882360012289527,2/28/2021 21:31,FALSE
359633109187778,882360012289527,3/28/2021 21:32,FALSE
359633109187836,882360012287223,1/29/2021 12:33:29 AM,False
359633109187836,882360012287223,2/28/2021 21:31,FALSE
359633109187836,882360012287223,3/28/2021 21:32,FALSE
359633109187919,882360012287221,1/29/2021 12:33:29 AM,False
359633109187919,882360012287221,2/28/2021 21:31,FALSE
359633109187919,882360012287221,3/28/2021 21:32,FALSE
359633109215645,882360012287222,1/29/2021 12:33:29 AM,False
359633109215645,882360012287222,2/28/2021 21:31,FALSE
359633109215645,882360012287222,3/28/2021 21:32,FALSE
359633109237102,882360012289495,1/29/2021 12:33:29 AM,True
359633109237102,882360012289495,2/28/2021 21:31,TRUE
359633109237102,882360012289495,3/28/2021 21:32,TRUE
359633109253968,882360011336245,1/29/2021 12:33:29 AM,False
359633109253968,882360011336245,2/28/2021 21:31,FALSE
359633109253968,882360011336245,3/28/2021 21:32,FALSE
359633109266465,882360012287224,1/29/2021 12:33:29 AM,False
359633109266465,882360012287224,2/28/2021 21:31,FALSE
359633109266465,882360012287224,3/28/2021 21:32,FALSE
359633109423926,882360012775775,1/29/2021 12:33:29 AM,False
359633109423926,882360012775775,2/28/2021 21:31,FALSE
359633109423926,882360012775775,3/28/2021 21:32,FALSE
359633109424098,882360012771525,1/29/2021 12:33:29 AM,True
359633109424098,882360012771525,2/28/2021 21:31,TRUE
359633109424098,882360012771525,3/28/2021 21:32,TRUE
359633109437694,882360012775514,1/29/2021 12:33:29 AM,False
359633109437694,882360012775514,2/28/2021 21:31,FALSE
359633109437694,882360012775514,3/28/2021 21:32,FALSE
359633109450820,882360012771532,1/29/2021 12:33:29 AM,True
359633109450820,882360012771532,2/28/2021 21:31,TRUE
359633109450820,882360012771532,3/28/2021 21:32,TRUE
359633109450887,882360012771528,1/29/2021 12:33:29 AM,True
359633109450887,882360012771528,2/28/2021 21:31,TRUE
359633109450887,882360012771528,3/28/2021 21:32,TRUE
359633109458799,882360012771531,1/29/2021 12:33:29 AM,False
359633109458799,882360012771531,2/28/2021 21:31,FALSE
359633109458799,882360012771531,3/28/2021 21:32,FALSE
359633109458823,882360012771527,1/29/2021 12:33:29 AM,False
359633109458823,882360012771527,2/28/2021 21:31,FALSE
359633109458823,882360012771527,3/28/2021 21:32,FALSE
359633109458831,882360012771526,1/29/2021 12:33:29 AM,True
359633109458831,882360012771526,2/28/2021 21:31,TRUE
359633109458831,882360012771526,3/28/2021 21:32,TRUE
359633109459011,882360012771530,1/29/2021 12:33:29 AM,True
359633109459011,882360012771530,2/28/2021 21:31,TRUE
359633109459011,882360012771530,3/28/2021 21:32,TRUE
359633109550280,882360012775774,1/29/2021 12:33:29 AM,False
359633109550280,882360012775774,2/28/2021 21:31,FALSE
359633109550280,882360012775774,3/28/2021 21:32,FALSE
359633109585823,882360012287210,1/29/2021 12:33:29 AM,False
359633109585823,882360012287210,2/28/2021 21:31,FALSE
359633109585823,882360012287210,3/28/2021 21:32,FALSE
359633109602578,882360012774801,1/29/2021 12:33:29 AM,True
359633109602578,882360012774801,2/28/2021 21:31,TRUE
359633109602578,882360012774801,3/28/2021 21:32,TRUE
359633109697834,882360012775772,1/29/2021 12:33:29 AM,False
359633109697834,882360012775772,2/28/2021 21:31,FALSE
359633109697834,882360012775772,3/28/2021 21:32,FALSE
359633109727136,882360011336235,1/29/2021 12:33:29 AM,False
359633109727136,882360011336235,2/28/2021 21:31,FALSE
359633109727136,882360011336235,3/28/2021 21:32,FALSE
359633109727292,882360011336239,1/29/2021 12:33:29 AM,True
359633109727292,882360011336239,2/28/2021 21:31,TRUE
359633109727292,882360011336239,3/28/2021 21:32,TRUE
359633109727441,882360012289552,1/29/2021 12:33:29 AM,False
359633109727441,882360012289552,2/28/2021 21:31,FALSE
359633109727441,882360012289552,3/28/2021 21:32,FALSE
359633109727573,882360012289553,1/29/2021 12:33:29 AM,False
359633109727573,882360012289553,2/28/2021 21:31,FALSE
359633109727573,882360012289553,3/28/2021 21:32,FALSE
359633109727870,882360012289526,1/29/2021 12:33:29 AM,False
359633109727870,882360012289526,2/28/2021 21:31,FALSE
359633109727870,882360012289526,3/28/2021 21:32,FALSE
359633109749569,882360011336215,1/29/2021 12:33:29 AM,True
359633109749569,882360011336215,2/28/2021 21:31,TRUE
359633109749569,882360011336215,3/28/2021 21:32,TRUE
359633109749726,882360011336216,1/29/2021 12:33:29 AM,True
359633109749726,882360011336216,2/28/2021 21:31,TRUE
359633109749726,882360011336216,3/28/2021 21:32,TRUE
359633109749809,882360011336244,1/29/2021 12:33:29 AM,False
359633109749809,882360011336244,2/28/2021 21:31,FALSE
359633109749809,882360011336244,3/28/2021 21:32,FALSE
359633109777677,882360012287219,1/29/2021 12:33:29 AM,False
359633109777677,882360012287219,2/28/2021 21:31,FALSE
359633109777677,882360012287219,3/28/2021 21:32,FALSE
359633109777693,882360012289528,1/29/2021 12:33:29 AM,False
359633109777693,882360012289528,2/28/2021 21:31,FALSE
359633109777693,882360012289528,3/28/2021 21:32,FALSE
359633109780655,882360011336243,1/29/2021 12:33:29 AM,False
359633109780655,882360011336243,2/28/2021 21:31,FALSE
359633109780655,882360011336243,3/28/2021 21:32,FALSE
359633109864491,882360012775688,1/29/2021 12:33:29 AM,False
359633109864491,882360012775688,2/28/2021 21:31,FALSE
359633109864491,882360012775688,3/28/2021 21:32,FALSE
359633109864632,882360012775692,1/29/2021 12:33:29 AM,True
359633109864632,882360012775692,2/28/2021 21:31,TRUE
359633109864632,882360012775692,3/28/2021 21:32,TRUE
359633109895131,882360012287189,1/29/2021 12:33:29 AM,True
359633109895131,882360012287189,2/28/2021 21:31,TRUE
359633109895131,882360012287189,3/28/2021 21:32,TRUE
359633109895248,882360012287188,1/29/2021 12:33:29 AM,False
359633109895248,882360012287188,2/28/2021 21:31,FALSE
359633109895248,882360012287188,3/28/2021 21:32,FALSE
359633109936430,882360012287207,1/29/2021 12:33:29 AM,True
359633109936430,882360012287207,2/28/2021 21:31,TRUE
359633109936430,882360012287207,3/28/2021 21:32,TRUE
359633109936513,882360012287192,1/29/2021 12:33:29 AM,True
359633109936513,882360012287192,2/28/2021 21:31,TRUE
359633109936513,882360012287192,3/28/2021 21:32,TRUE
359633109960844,882360012775773,1/29/2021 12:33:29 AM,False
359633109960844,882360012775773,2/28/2021 21:31,FALSE
359633109960844,882360012775773,3/28/2021 21:32,FALSE
359633109960984,882360012771524,1/29/2021 12:33:29 AM,False
359633109960984,882360012771524,2/28/2021 21:31,FALSE
359633109960984,882360012771524,3/28/2021 21:32,FALSE
359647090061354,0000453142,1/29/2021 12:33:29 AM,False
359647090061354,453142,2/28/2021 21:31,FALSE
359647090061354,453142,3/28/2021 21:32,FALSE
359647090061743,882360007769240,1/29/2021 12:33:29 AM,True
359647090061743,882360007769240,2/28/2021 21:31,TRUE
359647090061743,882360007769240,3/28/2021 21:32,TRUE
359647090062907,882360008671093,1/29/2021 12:33:29 AM,False
359647090062907,882360008671093,2/28/2021 21:31,FALSE
359647090062907,882360008671093,3/28/2021 21:32,FALSE
359647090063038,882360008671092,1/29/2021 12:33:29 AM,True
359647090063038,882360008671092,2/28/2021 21:31,TRUE
359647090063038,882360008671092,3/28/2021 21:32,TRUE
359647090063566,004236639101106,1/29/2021 12:33:29 AM,True
359647090063566,4236639101106,2/28/2021 21:31,TRUE
359647090063566,4236639101106,3/28/2021 21:32,TRUE
359647090104469,882360012775638,1/29/2021 12:33:29 AM,False
359647090104469,882360012775638,2/28/2021 21:31,FALSE
359647090104469,882360012775638,3/28/2021 21:32,FALSE
359647090106175,882360012775641,1/29/2021 12:33:29 AM,False
359647090106175,882360012775641,2/28/2021 21:31,FALSE
359647090106175,882360012775641,3/28/2021 21:32,FALSE
359647090106951,882360012775635,1/29/2021 12:33:29 AM,False
359647090106951,882360012775635,2/28/2021 21:31,FALSE
359647090106951,882360012775635,3/28/2021 21:32,FALSE
359647090108163,882360012775637,1/29/2021 12:33:29 AM,False
359647090108163,882360012775637,2/28/2021 21:31,FALSE
359647090108163,882360012775637,3/28/2021 21:32,FALSE
359647090109377,882360012775644,1/29/2021 12:33:29 AM,False
359647090109377,882360012775644,2/28/2021 21:31,TRUE
359647090109377,882360012775644,3/28/2021 21:32,FALSE
359647090141685,882360007769269,1/29/2021 12:33:29 AM,False
359647090141685,882360007769269,2/28/2021 21:31,FALSE
359647090141685,882360007769269,3/28/2021 21:32,FALSE
359647090163952,882360012775636,1/29/2021 12:33:29 AM,False
359647090163952,882360012775636,2/28/2021 21:31,FALSE
359647090163952,882360012775636,3/28/2021 21:32,FALSE
359647090189502,882360012775642,1/29/2021 12:33:29 AM,False
359647090189502,882360012775642,2/28/2021 21:31,FALSE
359647090189502,882360012775642,3/28/2021 21:32,FALSE
359647090189635,882360012775643,1/29/2021 12:33:29 AM,False
359647090189635,882360012775643,2/28/2021 21:31,FALSE
359647090189635,882360012775643,3/28/2021 21:32,FALSE
359647090190468,882360012775640,1/29/2021 12:33:29 AM,False
359647090190468,882360012775640,2/28/2021 21:31,FALSE
359647090190468,882360012775640,3/28/2021 21:32,FALSE
359647090193462,882360012775639,1/29/2021 12:33:29 AM,False
359647090193462,882360012775639,2/28/2021 21:31,FALSE
359647090193462,882360012775639,3/28/2021 21:32,FALSE
359647090316337,882360011348036,1/29/2021 12:33:29 AM,False
359647090316337,882360011348036,2/28/2021 21:31,FALSE
359647090316337,882360011348036,3/28/2021 21:32,FALSE
359647090316345,882360011409522,1/29/2021 12:33:29 AM,False
359647090316345,882360011409522,2/28/2021 21:31,FALSE
359647090316345,882360011409522,3/28/2021 21:32,FALSE
359647090316436,882360011409526,1/29/2021 12:33:29 AM,False
359647090316436,882360011409526,2/28/2021 21:31,FALSE
359647090316436,882360011409526,3/28/2021 21:32,FALSE
359647090316469,882360011409546,1/29/2021 12:33:29 AM,False
359647090316469,882360011409546,2/28/2021 21:31,FALSE
359647090316469,882360011409546,3/28/2021 21:32,FALSE
359647090316709,882360011409521,1/29/2021 12:33:29 AM,True
359647090316709,882360011409521,2/28/2021 21:31,TRUE
359647090316709,882360011409521,3/28/2021 21:32,TRUE
359647090317764,2009199847034,1/29/2021 12:33:29 AM,False
359647090317764,2009199847034,2/28/2021 21:31,FALSE
359647090317764,2009199847034,3/28/2021 21:32,FALSE
359647090317913,882360011348030,1/29/2021 12:33:29 AM,False
359647090317913,882360011348030,2/28/2021 21:31,FALSE
359647090317913,882360011348030,3/28/2021 21:32,FALSE
359647090317962,882360011409531,1/29/2021 12:33:29 AM,False
359647090317962,882360011409531,2/28/2021 21:31,FALSE
359647090317962,882360011409531,3/28/2021 21:32,FALSE
359647090318648,882360010310315,1/29/2021 12:33:29 AM,True
359647090318648,882360010310315,2/28/2021 21:31,TRUE
359647090318648,882360010310315,3/28/2021 21:32,TRUE
359647090318689,2009199847091,1/29/2021 12:33:29 AM,False
359647090318689,2009199847091,2/28/2021 21:31,FALSE
359647090318689,2009199847091,3/28/2021 21:32,FALSE
359647090318713,882360011120511,1/29/2021 12:33:29 AM,False
359647090318713,882360011120511,2/28/2021 21:31,FALSE
359647090318713,882360011120511,3/28/2021 21:32,FALSE
359647090318788,882360011348040,1/29/2021 12:33:29 AM,False
359647090318788,882360011348040,2/28/2021 21:31,FALSE
359647090318788,882360011348040,3/28/2021 21:32,FALSE
359647090321980,882360010013003,1/29/2021 12:33:29 AM,True
359647090321980,882360010013003,2/28/2021 21:31,TRUE
359647090321980,882360010013003,3/28/2021 21:32,TRUE
359647090323051,882360011120505,1/29/2021 12:33:29 AM,False
359647090323051,882360011120505,2/28/2021 21:31,FALSE
359647090323051,882360011120505,3/28/2021 21:32,FALSE
359647090324695,882360011409523,1/29/2021 12:33:29 AM,False
359647090324695,882360011409523,2/28/2021 21:31,FALSE
359647090324695,882360011409523,3/28/2021 21:32,FALSE
359647090325452,882360011409535,1/29/2021 12:33:29 AM,False
359647090325452,882360011409535,2/28/2021 21:31,FALSE
359647090325452,882360011409535,3/28/2021 21:32,FALSE
359647090578316,882360011348031,1/29/2021 12:33:29 AM,True
359647090578316,882360011348031,2/28/2021 21:31,TRUE
359647090578316,882360011348031,3/28/2021 21:32,TRUE
359647090583977,882360012289540,1/29/2021 12:33:29 AM,True
359647090583977,882360012289540,2/28/2021 21:31,TRUE
359647090583977,882360012289540,3/28/2021 21:32,TRUE
359647090584306,882360012771561,1/29/2021 12:33:29 AM,False
359647090584306,882360012771561,2/28/2021 21:31,FALSE
359647090584306,882360012771561,3/28/2021 21:32,FALSE
359647090584314,882360012771538,1/29/2021 12:33:29 AM,True
359647090584314,882360012771538,2/28/2021 21:31,TRUE
359647090584314,882360012771538,3/28/2021 21:32,TRUE
359647090584561,882360012289523,1/29/2021 12:33:29 AM,True
359647090584561,882360012289523,2/28/2021 21:31,TRUE
359647090584561,882360012289523,3/28/2021 21:32,TRUE
359647090584579,882360012774964,1/29/2021 12:33:29 AM,False
359647090584579,882360012774964,2/28/2021 21:31,FALSE
359647090584579,882360012774964,3/28/2021 21:32,FALSE
359647090584587,882360012774966,1/29/2021 12:33:29 AM,False
359647090584587,882360012774966,2/28/2021 21:31,FALSE
359647090584587,882360012774966,3/28/2021 21:32,FALSE
359647090584595,882360012774930,1/29/2021 12:33:29 AM,True
359647090584595,882360012774930,2/28/2021 21:31,TRUE
359647090584595,882360012774930,3/28/2021 21:32,TRUE
359647090584603,882360012289508,1/29/2021 12:33:29 AM,False
359647090584603,882360012289508,2/28/2021 21:31,FALSE
359647090584603,882360012289508,3/28/2021 21:32,FALSE
359647090584629,882360011336249,1/29/2021 12:33:29 AM,True
359647090584629,882360011336249,2/28/2021 21:31,TRUE
359647090584629,882360011336249,3/28/2021 21:32,TRUE
359647090584637,882360011426970,1/29/2021 12:33:29 AM,False
359647090584637,882360011426970,2/28/2021 21:31,FALSE
359647090584637,882360011426970,3/28/2021 21:32,FALSE
359647090584678,882360012289525,1/29/2021 12:33:29 AM,False
359647090584678,882360012289525,2/28/2021 21:31,FALSE
359647090584678,882360012289525,3/28/2021 21:32,FALSE
359647090586194,882360012771539,1/29/2021 12:33:29 AM,False
359647090586194,882360012771539,2/28/2021 21:31,FALSE
359647090586194,882360012771539,3/28/2021 21:32,FALSE
359647090586202,882360012771542,1/29/2021 12:33:29 AM,False
359647090586202,882360012771542,2/28/2021 21:31,FALSE
359647090586202,882360012771542,3/28/2021 21:32,FALSE
359647090586210,882360012771541,1/29/2021 12:33:29 AM,False
359647090586210,882360012771541,2/28/2021 21:31,FALSE
359647090586210,882360012771541,3/28/2021 21:32,FALSE
359647090586657,882360012771480,1/29/2021 12:33:29 AM,False
359647090586657,882360012771480,2/28/2021 21:31,FALSE
359647090586657,882360012771480,3/28/2021 21:32,FALSE
359647090586681,882360012771482,1/29/2021 12:33:29 AM,True
359647090586681,882360012771482,2/28/2021 21:31,TRUE
359647090586681,882360012771482,3/28/2021 21:32,TRUE
359647090586699,882360011336230,1/29/2021 12:33:29 AM,False
359647090586699,882360011336230,2/28/2021 21:31,FALSE
359647090586699,882360011336230,3/28/2021 21:32,FALSE
359647090586723,882360011336229,1/29/2021 12:33:29 AM,False
359647090586723,882360011336229,2/28/2021 21:31,FALSE
359647090586723,882360011336229,3/28/2021 21:32,FALSE
359647090586731,882360012771507,1/29/2021 12:33:29 AM,True
359647090586731,882360012771507,2/28/2021 21:31,TRUE
359647090586731,882360012771507,3/28/2021 21:32,TRUE
359647090586764,882360012771523,1/29/2021 12:33:29 AM,True
359647090586764,882360012771523,2/28/2021 21:31,TRUE
359647090586764,882360012771523,3/28/2021 21:32,TRUE
359647090587929,882360012289565,1/29/2021 12:33:29 AM,False
359647090587929,882360012289565,2/28/2021 21:31,FALSE
359647090587929,882360012289565,3/28/2021 21:32,FALSE
359647090587945,882360011336248,1/29/2021 12:33:29 AM,True
359647090587945,882360011336248,2/28/2021 21:31,TRUE
359647090587945,882360011336248,3/28/2021 21:32,TRUE
359647090587986,882360011422300,1/29/2021 12:33:29 AM,True
359647090587986,882360011422300,2/28/2021 21:31,TRUE
359647090587986,882360011422300,3/28/2021 21:32,TRUE
359647090588000,882360012289505,1/29/2021 12:33:29 AM,False
359647090588000,882360012289505,2/28/2021 21:31,FALSE
359647090588000,882360012289505,3/28/2021 21:32,FALSE
359647090589883,882360011426978,1/29/2021 12:33:29 AM,False
359647090589883,882360011426978,2/28/2021 21:31,FALSE
359647090589883,882360011426978,3/28/2021 21:32,FALSE
359647090590154,882360012771529,1/29/2021 12:33:29 AM,False
359647090590154,882360012771529,2/28/2021 21:31,FALSE
359647090590154,882360012771529,3/28/2021 21:32,FALSE
359647090590212,882360011336231,1/29/2021 12:33:29 AM,False
359647090590212,882360011336231,2/28/2021 21:31,FALSE
359647090590212,882360011336231,3/28/2021 21:32,FALSE
359647090590238,882360012287181,1/29/2021 12:33:29 AM,False
359647090590238,882360012287181,2/28/2021 21:31,FALSE
359647090590238,882360012287181,3/28/2021 21:32,FALSE
359647090591962,882360012774965,1/29/2021 12:33:29 AM,False
359647090591962,882360012774965,2/28/2021 21:31,FALSE
359647090591962,882360012774965,3/28/2021 21:32,FALSE
359647090591970,882360012289491,1/29/2021 12:33:29 AM,False
359647090591970,882360012289491,2/28/2021 21:31,FALSE
359647090591970,882360012289491,3/28/2021 21:32,FALSE
359647090592051,882360012771519,1/29/2021 12:33:29 AM,True
359647090592051,882360012771519,2/28/2021 21:31,TRUE
359647090592051,882360012771519,3/28/2021 21:32,TRUE
359647090592069,882360012289542,1/29/2021 12:33:29 AM,False
359647090592069,882360012289542,2/28/2021 21:31,FALSE
359647090592069,882360012289542,3/28/2021 21:32,FALSE
359647090593117,882360012287196,1/29/2021 12:33:29 AM,True
359647090593117,882360012287196,2/28/2021 21:31,TRUE
359647090593117,882360012287196,3/28/2021 21:32,TRUE
359647090593513,882360012774967,1/29/2021 12:33:29 AM,False
359647090593513,882360012774967,2/28/2021 21:31,FALSE
359647090593513,882360012774967,3/28/2021 21:32,FALSE
359647090593521,882360012289524,1/29/2021 12:33:29 AM,True
359647090593521,882360012289524,2/28/2021 21:31,TRUE
359647090593521,882360012289524,3/28/2021 21:32,TRUE
359647090593570,882360011336240,1/29/2021 12:33:29 AM,True
359647090593570,882360011336240,2/28/2021 21:31,TRUE
359647090593570,882360011336240,3/28/2021 21:32,TRUE
359647090593638,882360012771563,1/29/2021 12:33:29 AM,False
359647090593638,882360012771563,2/28/2021 21:31,FALSE
359647090593638,882360012771563,3/28/2021 21:32,FALSE
359647090595047,882360012774946,1/29/2021 12:33:29 AM,False
359647090595047,882360012774946,2/28/2021 21:31,FALSE
359647090595047,882360012774946,3/28/2021 21:32,FALSE
359647090595054,882360011426984,1/29/2021 12:33:29 AM,False
359647090595054,882360011426984,2/28/2021 21:31,FALSE
359647090595054,882360011426984,3/28/2021 21:32,FALSE
359647090595070,882360012289506,1/29/2021 12:33:29 AM,False
359647090595070,882360012289506,2/28/2021 21:31,FALSE
359647090595070,882360012289506,3/28/2021 21:32,FALSE
359647090595096,882360011422301,1/29/2021 12:33:29 AM,False
359647090595096,882360011422301,2/28/2021 21:31,FALSE
359647090595096,882360011422301,3/28/2021 21:32,FALSE
359647090595120,882360012289493,1/29/2021 12:33:29 AM,True
359647090595120,882360012289493,2/28/2021 21:31,TRUE
359647090595120,882360012289493,3/28/2021 21:32,TRUE
359647090595146,882360011426981,1/29/2021 12:33:29 AM,True
359647090595146,882360011426981,2/28/2021 21:31,TRUE
359647090595146,882360011426981,3/28/2021 21:32,TRUE
359647090629556,882360012774860,1/29/2021 12:33:29 AM,True
359647090629556,882360012774860,2/28/2021 21:31,TRUE
359647090629556,882360012774860,3/28/2021 21:32,TRUE
359647090629614,882360012774845,1/29/2021 12:33:29 AM,False
359647090629614,882360012774845,2/28/2021 21:31,FALSE
359647090629614,882360012774845,3/28/2021 21:32,FALSE
359647090629622,882360012775707,1/29/2021 12:33:29 AM,False
359647090629622,882360012775707,2/28/2021 21:31,FALSE
359647090629622,882360012775707,3/28/2021 21:32,FALSE
359647090629630,882360012775623,1/29/2021 12:33:29 AM,False
359647090629630,882360012775623,2/28/2021 21:31,FALSE
359647090629630,882360012775623,3/28/2021 21:32,FALSE
359647090629648,882360012775647,1/29/2021 12:33:29 AM,True
359647090629648,882360012775647,2/28/2021 21:31,TRUE
359647090629648,882360012775647,3/28/2021 21:32,TRUE
359647090629663,882360012775620,1/29/2021 12:33:29 AM,False
359647090629663,882360012775620,2/28/2021 21:31,FALSE
359647090629663,882360012775620,3/28/2021 21:32,FALSE
359647090631529,882360012775606,1/29/2021 12:33:29 AM,False
359647090631529,882360012775606,2/28/2021 21:31,FALSE
359647090631529,882360012775606,3/28/2021 21:32,FALSE
359647090631545,882360012774876,1/29/2021 12:33:29 AM,True
359647090631545,882360012774876,2/28/2021 21:31,TRUE
359647090631545,882360012774876,3/28/2021 21:32,TRUE
359647090631578,882360012774875,1/29/2021 12:33:29 AM,True
359647090631578,882360012774875,2/28/2021 21:31,TRUE
359647090631578,882360012774875,3/28/2021 21:32,TRUE
359647090631586,882360012774945,1/29/2021 12:33:29 AM,False
359647090631586,882360012774945,2/28/2021 21:31,FALSE
359647090631586,882360012774945,3/28/2021 21:32,FALSE
359647090631594,882360012775624,1/29/2021 12:33:29 AM,False
359647090631594,882360012775624,2/28/2021 21:31,FALSE
359647090631594,882360012775624,3/28/2021 21:32,FALSE
359647090631602,882360012775604,1/29/2021 12:33:29 AM,False
359647090631602,882360012775604,2/28/2021 21:31,FALSE
359647090631602,882360012775604,3/28/2021 21:32,FALSE
359647090631610,882360012775667,1/29/2021 12:33:29 AM,False
359647090631610,882360012775667,2/28/2021 21:31,FALSE
359647090631610,882360012775667,3/28/2021 21:32,FALSE
359647090631628,882360012775560,1/29/2021 12:33:29 AM,False
359647090631628,882360012775560,2/28/2021 21:31,FALSE
359647090631628,882360012775560,3/28/2021 21:32,FALSE
359647090631644,882360012775605,1/29/2021 12:33:29 AM,False
359647090631644,882360012775605,2/28/2021 21:31,FALSE
359647090631644,882360012775605,3/28/2021 21:32,FALSE
359647090634390,882360012775621,1/29/2021 12:33:29 AM,False
359647090634390,882360012775621,2/28/2021 21:31,FALSE
359647090634390,882360012775621,3/28/2021 21:32,FALSE
359647090636353,882360012774817,1/29/2021 12:33:29 AM,True
359647090636353,882360012774817,2/28/2021 21:31,TRUE
359647090636353,882360012774817,3/28/2021 21:32,TRUE
359647090636379,882360012774816,1/29/2021 12:33:29 AM,False
359647090636379,882360012774816,2/28/2021 21:31,FALSE
359647090636379,882360012774816,3/28/2021 21:32,FALSE
359647090636387,882360012775672,1/29/2021 12:33:29 AM,False
359647090636387,882360012775672,2/28/2021 21:31,FALSE
359647090636387,882360012775672,3/28/2021 21:32,FALSE
359647090647467,882360012775580,1/29/2021 12:33:29 AM,False
359647090647467,882360012775580,2/28/2021 21:31,FALSE
359647090647467,882360012775580,3/28/2021 21:32,FALSE
359647090647475,882360012775622,1/29/2021 12:33:29 AM,False
359647090647475,882360012775622,2/28/2021 21:31,FALSE
359647090647475,882360012775622,3/28/2021 21:32,FALSE
359647090647483,882360012775581,1/29/2021 12:33:29 AM,False
359647090647483,882360012775581,2/28/2021 21:31,FALSE
359647090647483,882360012775581,3/28/2021 21:32,FALSE
359647090647491,882360012775565,1/29/2021 12:33:29 AM,False
359647090647491,882360012775565,2/28/2021 21:31,FALSE
359647090647491,882360012775565,3/28/2021 21:32,FALSE
359647090647509,882360012775535,1/29/2021 12:33:29 AM,False
359647090647509,882360012775535,2/28/2021 21:31,FALSE
359647090647509,882360012775535,3/28/2021 21:32,FALSE
359647090647533,882360012775567,1/29/2021 12:33:29 AM,True
359647090647533,882360012775567,2/28/2021 21:31,TRUE
359647090647533,882360012775567,3/28/2021 21:32,TRUE
359647090647541,882360012775561,1/29/2021 12:33:29 AM,False
359647090647541,882360012775561,2/28/2021 21:31,FALSE
359647090647541,882360012775561,3/28/2021 21:32,FALSE
359647090647558,882360012775542,1/29/2021 12:33:29 AM,False
359647090647558,882360012775542,2/28/2021 21:31,FALSE
359647090647558,882360012775542,3/28/2021 21:32,FALSE
359647090647566,882360012775534,1/29/2021 12:33:29 AM,False
359647090647566,882360012775534,2/28/2021 21:31,FALSE
359647090647566,882360012775534,3/28/2021 21:32,FALSE
359647090647574,882360012775599,1/29/2021 12:33:29 AM,True
359647090647574,882360012775599,2/28/2021 21:31,TRUE
359647090647574,882360012775599,3/28/2021 21:32,TRUE
359647090647582,882360012775568,1/29/2021 12:33:29 AM,True
359647090647582,882360012775568,2/28/2021 21:31,TRUE
359647090647582,882360012775568,3/28/2021 21:32,TRUE
359647090649133,882360012775543,1/29/2021 12:33:29 AM,True
359647090649133,882360012775543,2/28/2021 21:31,TRUE
359647090649133,882360012775543,3/28/2021 21:32,TRUE
359647090650297,882360012775518,1/29/2021 12:33:29 AM,False
359647090650297,882360012775518,2/28/2021 21:31,FALSE
359647090650297,882360012775518,3/28/2021 21:32,FALSE
359647090650321,882360012775504,1/29/2021 12:33:29 AM,True
359647090650321,882360012775504,2/28/2021 21:31,TRUE
359647090650321,882360012775504,3/28/2021 21:32,TRUE
359647090650370,882360012775729,1/29/2021 12:33:29 AM,False
359647090650370,882360012775729,2/28/2021 21:31,FALSE
359647090650370,882360012775729,3/28/2021 21:32,FALSE
359647090650388,882360012775758,1/29/2021 12:33:29 AM,False
359647090650388,882360012775758,2/28/2021 21:31,FALSE
359647090650388,882360012775758,3/28/2021 21:32,FALSE
359647090651238,882360012775670,1/29/2021 12:33:29 AM,False
359647090651238,882360012775670,2/28/2021 21:31,FALSE
359647090651238,882360012775670,3/28/2021 21:32,FALSE
359647090651253,882360012775757,1/29/2021 12:33:29 AM,False
359647090651253,882360012775757,2/28/2021 21:31,FALSE
359647090651253,882360012775757,3/28/2021 21:32,FALSE
359647090651261,882360012775776,1/29/2021 12:33:29 AM,False
359647090651261,882360012775776,2/28/2021 21:31,FALSE
359647090651261,882360012775776,3/28/2021 21:32,FALSE
359647090651279,882360012775502,1/29/2021 12:33:29 AM,False
359647090651279,882360012775502,2/28/2021 21:31,FALSE
359647090651279,882360012775502,3/28/2021 21:32,FALSE
359647090651329,882360012775626,1/29/2021 12:33:29 AM,False
359647090651329,882360012775626,2/28/2021 21:31,FALSE
359647090651329,882360012775626,3/28/2021 21:32,FALSE
359647090651337,882360012775669,1/29/2021 12:33:29 AM,False
359647090651337,882360012775669,2/28/2021 21:31,FALSE
359647090651337,882360012775669,3/28/2021 21:32,FALSE
359647090651345,882360012775628,1/29/2021 12:33:29 AM,True
359647090651345,882360012775628,2/28/2021 21:31,TRUE
359647090651345,882360012775628,3/28/2021 21:32,TRUE
359647090653762,882360012775761,1/29/2021 12:33:29 AM,False
359647090653762,882360012775761,2/28/2021 21:31,FALSE
359647090653762,882360012775761,3/28/2021 21:32,FALSE
359647090653770,882360012775678,1/29/2021 12:33:29 AM,False
359647090653770,882360012775678,2/28/2021 21:31,FALSE
359647090653770,882360012775678,3/28/2021 21:32,FALSE
359647090653861,882360012775503,1/29/2021 12:33:29 AM,False
359647090653861,882360012775503,2/28/2021 21:31,FALSE
359647090653861,882360012775503,3/28/2021 21:32,FALSE
359647090655486,882360012775671,1/29/2021 12:33:29 AM,False
359647090655486,882360012775671,2/28/2021 21:31,FALSE
359647090655486,882360012775671,3/28/2021 21:32,FALSE
359647090655502,882360012775675,1/29/2021 12:33:29 AM,False
359647090655502,882360012775675,2/28/2021 21:31,FALSE
359647090655502,882360012775675,3/28/2021 21:32,FALSE
359647090655536,882360012775520,1/29/2021 12:33:29 AM,False
359647090655536,882360012775520,2/28/2021 21:31,FALSE
359647090655536,882360012775520,3/28/2021 21:32,FALSE
359647090655551,882360012775627,1/29/2021 12:33:29 AM,False
359647090655551,882360012775627,2/28/2021 21:31,FALSE
359647090655551,882360012775627,3/28/2021 21:32,FALSE
359647090657326,882360012775546,1/29/2021 12:33:29 AM,False
359647090657326,882360012775546,2/28/2021 21:31,FALSE
359647090657326,882360012775546,3/28/2021 21:32,FALSE
359647090657342,882360012775544,1/29/2021 12:33:29 AM,True
359647090657342,882360012775544,2/28/2021 21:31,TRUE
359647090657342,882360012775544,3/28/2021 21:32,TRUE
359647090657375,882360012775547,1/29/2021 12:33:29 AM,True
359647090657375,882360012775547,2/28/2021 21:31,TRUE
359647090657375,882360012775547,3/28/2021 21:32,TRUE
359647090657417,882360012775541,1/29/2021 12:33:29 AM,False
359647090657417,882360012775541,2/28/2021 21:31,FALSE
359647090657417,882360012775541,3/28/2021 21:32,FALSE
359647090657433,882360012775548,1/29/2021 12:33:29 AM,False
359647090657433,882360012775548,2/28/2021 21:31,FALSE
359647090657433,882360012775548,3/28/2021 21:32,FALSE
359647090657441,882360012775545,1/29/2021 12:33:29 AM,True
359647090657441,882360012775545,2/28/2021 21:31,TRUE
359647090657441,882360012775545,3/28/2021 21:32,TRUE
869530043055314,882360012775601,1/29/2021 12:33:29 AM,True
869530043055314,882360012775601,2/28/2021 21:31,TRUE
869530043055314,882360012775601,3/28/2021 21:32,TRUE
